chromosome	chromosomeBand	gene	transcript	isCanonical	driver	category	likelihoodMethod	driverLikelihood	missense	nonsense	splice	inframe	frameshift	biallelic	minCopyNumber	maxCopyNumber
chr10	q23.2	BMPR1A	ENST00000372037	true	GERMLINE_DELETION	TSG	GERMLINE	1.0000	0	0	0	0	0	false	0.0000	0.0000
chr17	q11.2	NF1	ENST00000358273	true	GERMLINE_DELETION	TSG	GERMLINE	1.0000	0	0	0	0	0	false	0.0000	0.0000
chr17	q12	RAD51D	ENST00000590016	true	GERMLINE_DELETION	TSG	GERMLINE	1.0000	0	0	0	0	0	false	0.0000	0.0000
chr17	q12	CDK12	ENST00000447079	true	GERMLINE_DELETION	TSG	GERMLINE	1.0000	0	0	0	0	0	false	0.0000	0.0000
chr17	q21.2	STAT5B	ENST00000293328	true	GERMLINE_DELETION	TSG	GERMLINE	1.0000	0	0	0	0	0	false	0.0000	0.0000
chr17	q21.31	BRCA1	ENST00000471181	true	GERMLINE_DELETION	TSG	GERMLINE	1.0000	0	0	0	0	0	false	0.0000	0.0000
chr17	q21.31	KANSL1	ENST00000432791	true	GERMLINE_DELETION	TSG	GERMLINE	1.0000	0	0	0	0	0	false	0.0000	0.0000
chr17	q21.33	SPOP	ENST00000393328	true	GERMLINE_DELETION	ONCO	GERMLINE	1.0000	0	0	0	0	0	false	0.0000	0.0000
chr17	q22	RNF43	ENST00000584437	true	GERMLINE_DELETION	TSG	GERMLINE	1.0000	0	0	0	0	0	false	0.0000	0.0000
chr17	q22	RAD51C	ENST00000337432	true	GERMLINE_DELETION	TSG	GERMLINE	1.0000	0	0	0	0	0	false	0.0000	0.0000
